,com_se,ind_se,res_se,renda_r,pop_ocup_br,massa_r,du,pmc_a_se,temp_max_se,temp_min_se,pmc_r_se,pim_se
count,206.0,206.0,206.0,228.0,228.0,228.0,228.0,228.0,228.0,228.0,228.0,228.0
mean,3399.4873721844656,7828.909078155342,4903.593701699029,1787.2653692307688,87294.78534075523,142963.39951692315,20.93421052631579,85.31799287450863,27.535583758026046,19.037744499213105,84.2114037681927,90.90144272506635
std,622.4822725581308,519.7338012696806,765.949088988319,188.0485001847202,4235.7671078696585,21399.057143109992,1.3074054710056788,17.271913394181244,2.002188205648047,2.042238018252527,18.971917215222113,10.072188873156641
min,2159.47947,6331.11891,3433.4425,1400.5116,75777.6967659753,101690.0649,18.0,46.53045,22.3140658363667,14.8877776666667,45.084,60.322438174699
25%,2848.9405825,7477.5247425,4224.05675,1708.653875,84519.18535712225,135533.155625,20.0,74.63996250000001,25.738700583333326,17.267982607255576,70.20225,84.20289997286305
50%,3488.6665000000003,7783.614835,5048.8835,1787.265369230769,87671.689404509,142963.39951692303,21.0,89.4549,27.5653940405833,19.429506,89.66499999999999,91.0699392369019
75%,3914.2794099999996,8272.46875,5463.7565,1787.265369230769,90707.75,143367.73506269229,22.0,96.392125,29.06337799999997,20.868936666666702,95.21890173987447,97.1904234337238
max,4571.717,8795.554,6571.31164,2335.0,94552.0,201815.0,23.0,126.2550309022,32.0225806666667,23.1322334882,137.334904941506,112.047327509163
